1394	factoid	In what country did the game of croquet originate? 	French
1395	factoid	Who was Tom Cruise married to last? 	Katie Holmes
1396	factoid	What is the name of the volcano that destroyed the ancient city of Pompeii? 	Vesuvius
1397	factoid	What was the largest crowd to ever come see Michael Jordan? 	62,?046
1398	factoid	What year was Alaska purchased? 	1867
1399	factoid	What mythical Scottish town appears for one day every 100 years? 	Brigadoon
1401	factoid	What is the democratic party symbol? 	donkey
1402	factoid	What year did Wilt Chamberlain score 100 points? 	1962
1404	factoid	How many chromosomes does a human zygote have? 	23 pairs|46
1405	factoid	How many ounces are in a gallon? 	128
1407	factoid	When did the shootings at Columbine happen? 	April 20\s?, 1999
1408	factoid	Which political party is Lionel Jospin a member of? 	Socialist
1409	factoid	Which vintage rock and roll singer was known as "The Killer"? 	Jerry Lee Lewis
1410	factoid	What lays blue eggs? 	Ameracuana|Aracuana
1411	factoid	What Spanish explorer discovered the Mississippi River? 	Hernando de Soto
1412	factoid	Who was the governor of Colorado in 2003? 	Owens
1413	factoid	What river is called "China's Sorrow"? 	Yellow|Yangzi|Yangtze
1414	factoid	What was the length of the  Wright brothers' first flight? 	120\s?\-?\s?f(ee|oo)?t
1415	factoid	Where does the vice president live when in office? 	U.S\s?. Naval Observatory
1416	factoid	When was Wendy's founded? 	1969
1417	factoid	Who was the first person to run the mile in less than four minutes? 	Roger Bannister
1418	factoid	When was the Rosenberg trial? 	1951
1419	factoid	What year did Alaska become a state? 	1958|1959
1421	factoid	When did Mike Tyson bite Holyfield's ear? 	1997
1423	factoid	What is a peninsula in the Philippines? 	Bataan|Bicol|Zamboanga
1424	factoid	Who won the Oscar for best actor in 1970? 	George C. Scott
1425	factoid	What is the population of Maryland as of 2013? 	(5.9|6) million|5,?928,?814
1426	factoid	Who is the governor of Tennessee in 2002? 	Sundquist
1427	factoid	What was the first spaceship on the moon? 	Eagle
1428	factoid	Who won the Nobel Peace Prize in 1992? 	Mench[uú]
1429	factoid	What was Andrew Jackson's wife's name? 	Rachel
1431	factoid	Who starred in "The Poseidon Adventure"? 	Gene Hackman|McDowall|Borgnine
1433	factoid	What is the height of the tallest redwood? 	367 1/2|367.5|370\s?-\s?foot(-tall)?|379\s*f(ee|oo)?t|115.5\s*m
1434	factoid	What site did Lindbergh begin his flight from in 1927? 	Long Island|New\s?York|Roosevelt Field
1435	factoid	What nation is home to the Kaaba? 	Saudi Arabia
1436	factoid	What was the name of Stonewall Jackson's horse? 	Little Sorrel
1438	factoid	What body of water does the Colorado River flow into? 	Gulf of Mexico
1439	factoid	How deep is Crater Lake? 	1\s?,\s?932 feet|1,?949\s*f(ee|oo)?t|594\s*m
1440	factoid	Who was the lead singer for the Commodores? 	Lionel Richie
1441	factoid	What is the coldest place on earth? 	Antarctica?|South Pole|Vostok Station
1442	factoid	What is the chemical formula for sulphur dioxide? 	SO2
1443	factoid	When did Bob Marley die? 	1981
1444	factoid	What female leader succeeded Ferdinand Marcos as president of the Philippines? 	Corazon Aquino
1446	factoid	How did Mahatma Gandhi die? 	\bshot|shooting
1447	factoid	What is the capital of Syria? 	Damascus
1449	factoid	What college did Magic Johnson attend? 	Michigan State
1450	factoid	Which U.S. state is the leading corn producer? 	Iowa
1451	factoid	Where was the first McDonalds built? 	California|San Bernardino( , Calif.)?
1453	factoid	Where was the first J.C. Penney store opened? 	Kemmerer\s?, Wyo\.?
1455	factoid	The Hindenburg disaster took place in 1937 in which New Jersey town? 	Lakehurst
1456	factoid	What is the Keystone State? 	Pennsylvania
1457	factoid	Who succeeded Ferdinand Marcos? 	Corazon Aquino
1458	factoid	What was the name of the high school in "Grease"? 	Rydell
1459	factoid	What is one national park in Indiana? 	Indiana Dunes National Lakeshore
1460	factoid	What was the name of the dog in the Thin Man movies? 	Asta
1462	factoid	Where is the oldest synagogue in the United States? 	Newport|New York
1463	factoid	What is the North Korean national anthem? 	Patriotic Song|Aegukka
1464	factoid	Who is the detective on "Diagnosis Murder"? 	Steve Sloan
1465	factoid	What company makes Bentley cars? 	Rolls\s?-?\s?Royce|VW|Volkswagen
1466	factoid	How tall is Allen Iverson? 	6\s?-?\s?f(ee|oo)?t|six\s?-?feet|1.83\s*m|183\s*cm
1467	factoid	What year did South Dakota become a state? 	1889
1469	factoid	When did Alexandra Graham Bell invent the telephone? 	1876
1470	factoid	When did president Herbert Hoover die? 	1964
1471	factoid	How fast can a cheetah run? 	120\s*km/?h|75\s*mph
1472	factoid	How do you say "house" in Spanish? 	casa
1473	factoid	When was Lyndon B. Johnson born? 	1908
1474	factoid	What is the lowest point on dry land? 	Dead Sea
1475	factoid	Who was the first person to reach the south pole? 	Amundsen
1476	factoid	Who was the Roman god of the sea? 	Neptune
1477	factoid	What are wavelengths of visible light measured in? 	angstrom|nanometers|^nm
1478	factoid	What is the name of the heroine in "Gone with the Wind"? 	Scarlett
1479	factoid	Who composed "The Messiah"? 	Handel
1480	factoid	What is the principle port in Ecuador? 	Guayaquil
1481	factoid	What is the capital city of Algeria? 	Algiers
1482	factoid	What county is Wilmington, Delaware in? 	New Castle
1483	factoid	Where is the highest point on earth? 	Everest
1484	factoid	What college did Allen Iverson attend? 	Georgetown
1488	factoid	What is the name of the professional baseball team in Myrtle Beach, South Carolina? 	Pelicans
1489	factoid	What continent is India on? 	Asia
1490	factoid	What is the Boston Strangler's name? 	Albert DeSalvo
1491	factoid	What was the name of Sherlock Holmes' brother? 	Mycroft
1492	factoid	How old was Nolan Ryan when he retired? 	4(4|6)
1493	factoid	When was Davy Crockett born? 	1786
1494	factoid	Who wrote "East is east, west is west and never the twain shall meet"? 	Kipling
1496	factoid	What country is Berlin in? 	Germany
1497	factoid	What was the original name before "The Star Spangled Banner"? 	Defen[cs]e of Fort M'Henry
1498	factoid	What school did Emmitt Smith go to? 	Escambia High School
1499	factoid	Which African country's major export is coffee? 	Ethiopia|Tanzania|Uganda
1500	factoid	Where is Georgetown University? 	Washington,?
1502	factoid	What year was President Kennedy killed? 	1963
1503	factoid	What is the world's second largest island? 	New Guinea
1504	factoid	Where is the Salton Sea? 	Calif(\s?\.|ornia)
1505	factoid	What is the currency used in China? 	RMB|Ren?minbi|Yuan
1506	factoid	What's the name of King Arthur's sword? 	Excalibur
1507	factoid	What is the national anthem in England? 	God Save the Queen|Jerusalem|Land of Hope and Glory
1508	factoid	What was Dale Evans' horse's name? 	Buttermilk
1510	factoid	Where is Anne Frank's diary? 	Amsterdam|Anne Frank House
1512	factoid	What is the age of our solar system? 	4.(5[0-9]*|6) billion years
1513	factoid	What is the current population in Bombay, India as of 2011? 	12(.[45])? million|18(.4)? million|20(.7)? million|12,478,447|18,414,288
1514	factoid	What is Canada's most populous city? 	Toronto
1515	factoid	What was Dr. Seuss' real name? 	Theodore? (Seuss )?Geisel
1516	factoid	What does CPR stand for? 	Contraceptive Prevalence Rate|cardio\s?-?\s?pulm(o|i)nary resuscitation
1517	factoid	What is the state bird of Alaska? 	willow ptarmigans?
1518	factoid	What year did Marco Polo travel to Asia? 	1271
1519	factoid	Where was Hans Christian Anderson born? 	Denmark|Odense
1520	factoid	What is the capital of Kentucky? 	Frankfort
1521	factoid	What year did Ellis Island open its doors to immigrants? 	1892
1523	factoid	What percent of the U.S. is African American? 	12(\.2)?\s*(percent|%)
1524	factoid	What is the name of the ballpark that the Milwaukee Brewers play at? 	County Stadium|Miller Park
1525	factoid	What university did Thomas Jefferson found? 	Virginia
1526	factoid	What is the city of brotherly love? 	Philadelphia
1527	factoid	When did the 6-day war begin? 	June 5\s?, 1967
1528	factoid	Where did Kublai Khan live? 	Beijing|China
1529	factoid	What is the oldest college bowl game? 	Rose Bowl Game
1530	factoid	What is the capital city of New Zealand? 	Wellington
1531	factoid	What does NASDAQ stand for? 	National Association of Securities Dealers Automated Quotations?
1532	factoid	What is the literacy rate in Cuba? 	99.8\s*(percent|%)
1533	factoid	Who directed the film "Fail Safe"? 	Sidney Lumet
1534	factoid	The sun is mostly made up of what two gasses? 	hydrogen .*helium
1535	factoid	Who painted "Sunflowers"? 	van Gogh
1536	factoid	What city is Lake Washington by? 	Seattle
1537	factoid	How many electoral college votes in Tennessee? 	11
1538	factoid	Who is the evil H.R. Director in "Dilbert"? 	Catbert
1539	factoid	What is Ronald Reagan's favorite candy? 	Jelly Belly|jelly\s?beans?
1540	factoid	What is the deepest lake in America? 	Crater|Great Slave
1541	factoid	What president is on a quarter? 	Washington
1542	factoid	Where is Hill Air Force Base? 	Ogden,?|Utah|about 120 kilometers west of Salt_Lake_City
1544	factoid	What is the most populated country in the world? 	China
1545	factoid	What is a female rabbit called? 	doe
1546	factoid	What year was the movie "Ole Yeller" made? 	1957
1547	factoid	What is the atomic number of uranium? 	92
1549	factoid	What year was the IBM PC invented? 	1981
1550	factoid	What is the southwestern-most tip of England? 	Cornwall
1551	factoid	What does DNA stand for? 	deoxyribonucleic acid
1552	factoid	What did Charles Babbage invent? 	Analytic(al)? Engine|computer
1553	factoid	Who makes Magic Chef refrigerators? 	Maytag|CNA|MC Appliance
1554	factoid	What is the scientific name for tobacco? 	Nicotiana alata|Nicotiana tabacum|Nicotiana rustica
1555	factoid	When was the Tet offensive in Vietnam? 	1968
1556	factoid	What cemetery is Thurgood Marshall buried in? 	Arlington
1557	factoid	What was the first satellite in space? 	Sputnik
1559	factoid	Where did Dr. King give his speech in Washington? 	Lincoln Memorial
1560	factoid	What was Denzel Washington's first television series? 	St. Elsewhere
1561	factoid	When was the first patent filed on the ice cream cone? 	1903|1902|1904
1562	factoid	Where did the U.S. Civil War begin? 	Fort Sumter
1563	factoid	Who started the Protestant reformation? 	Luther
1564	factoid	When did Led Zeppelin appear on BBC? 	1969
1565	factoid	What is Karl Malone's nickname? 	The Mailman
1566	factoid	What famous Spanish poet died in Spain's Civil War? 	Lorca
1567	factoid	When did the Black Panther party start in California? 	1966
1568	factoid	How old was George Washington when he died? 	67
1569	factoid	When did the Vietnam War end? 	(25|twenty-five) years ago|1975
1570	factoid	What is the legal age to vote in Argentina? 	18
1572	factoid	For whom was the state of Pennsylvania named? 	William Penn
1573	factoid	Who was the first head of the FBI? 	Hoover
1574	factoid	When did "The Simpsons" first appear on television? 	198(7|9)
1575	factoid	What is the degree of tilt of Earth? 	23.4?5
1576	factoid	What galaxy is closest to the milky way? 	Andromeda
1578	factoid	How tall is the Sphinx? 	20 met(er|re)s?|20\s*m|66\s*f(ee|oo)?t
1579	factoid	Which country exports the most tea? 	Sri Lanka
1580	factoid	What name is given to the science of map-making? 	Cartography
1582	factoid	How high is a hand? 	4\s*in(ches)?
1583	factoid	What is the text of an opera called? 	libretto
1584	factoid	When did George W. Bush get elected as the governor of Texas? 	199(4|8)
1585	factoid	What is the chief religion for Peru? 	Catholic
1586	factoid	When did the Golden Gate Bridge get finished? 	193(7|0s)
1588	factoid	When was Apollo 11 launched? 	1969
1589	factoid	Who was the only golfer to win the U.S. and British Opens and amateurs in the same year? 	Bobby Jones
1590	factoid	What do grasshoppers eat? 	grass\b|plant|roses
1591	factoid	What percentage of the population is left handed? 	(ten|10)\s*(percent|%)
1592	factoid	When was the Reichstag burned down? 	1933
1595	factoid	What person developed COBOL? 	Hopper
1596	factoid	What year did Mussolini seize power in Italy? 	1922
1598	factoid	Who was the baseball player given the nickname "Mr. October"? 	Reggie Jackson
1600	factoid	What automobile company makes the Spider? 	Alfa Romeo|Fiat
1601	factoid	When did Einstein die? 	1955
1603	factoid	When did Robert E. Lee surrender in the Civil War? 	1865
1604	factoid	What does R&B stand for? 	rhythm and blues
1605	factoid	How far would you run if you participate in a marathon? 	26(.2)?\s?-?\s?miles?|42.195 kilometers
1606	factoid	What is the boiling point of water? 	212\s*(.|degrees?)\s*F|100\s*(.|degrees?)\s*C
1609	factoid	What is the currency of Bolivia called? 	BOB|boliviano
1612	factoid	When was the U.S. invasion of Haiti? 	1994
1613	factoid	When was Benjamin Disraeli prime minister? 	1868|1874|1880
1614	factoid	What is the capital of Victoria? 	Melbourne
1615	factoid	What is Africa's largest country? 	Sudan|Algeria|Nigeria
1616	factoid	When is Gerald Ford's birthday? 	July 14, 1913
1617	factoid	When did the Klondike gold rush occur? 	189[6789]
1618	factoid	Where is bile produced? 	liver
1619	factoid	Which baseball star stole 130 bases in 1982? 	Henderson
1620	factoid	What year was the first Macy's Thanksgiving Day Parade held? 	1924
1621	factoid	What is the name of the country in the Pyrenees mountains between France and Spain? 	Andorra
1622	factoid	Who was Woodrow Wilson's First Lady? 	(Ellen|Edith)(_Axson_Wilson)?
1623	factoid	What is the active ingredient in Tylenol? 	acetaminophen
1624	factoid	What year did "New Coke" come out? 	1985
1625	factoid	What is the deepest lake in the world? 	Baikal
1626	factoid	What is Buzz Aldrin's real first name? 	Edwin
1627	factoid	What is written on the U.S. tomb of the unknown soldier? 	Here Rests In Honored Glory An American Soldier Known But To God
1628	factoid	How much area does the Everglades cover? 	2,000 square miles|734\s*sq(uare)?\s*m(iles)?|1,?900\s*(square\s*)?km
1629	factoid	Where is Mae West buried? 	Cypress Hills Abbey
1634	factoid	What is the area of Venezuela? 	340,569 square miles|353,?841\s*sq(uare)?\s*m(iles)?|916,?445\s*(square\s*)?km
1635	factoid	What is the name of the famous dogsledding race held each year in Alaska? 	Iditarod
1636	factoid	When was the battle of Chancellorsville fought? 	1863
1637	factoid	What is the name of the five pointed star commonly used by Satanists? 	baphomet|pentagrams?
1638	factoid	What city in Australia has rain forests? 	Cairns|Daintree|Port Douglas
1639	factoid	What is the profession of John Cusack's character in the 1999 film "Pushing Tin"? 	air(\s|-)traffic(\s|-)controller
1640	factoid	Who founded Taoism? 	Lao\s*-?\s*T[zs][ue]|Laozi
1643	factoid	Who founded Rhode Island? 	Roger Williams
1645	factoid	How much is the international space stations expected to cost? 	\$ 95 billion|\$60 billion|about \$ 50 billion|more than 100 billion dollar|150\s*(billion|bn)
1646	factoid	When was the first atomic bomb dropped? 	Aug.*1945
1647	factoid	What continent is Scotland in? 	Europe
1649	factoid	What year did the shuttle Challenger explode? 	1986
1650	factoid	What county is Elmira, NY in? 	Chemung
1651	factoid	What is another name for the North Star? 	Polaris
1652	factoid	When did the United States enter World War II? 	1941
1653	factoid	How do you say "French fries" in French? 	pommes frites
1654	factoid	Where is Prairie View A&M University? 	Texas
1655	factoid	Where was Abraham Lincoln born? 	Kentucky|Larue County|Hardin County|Hodgenville
1657	factoid	What do the French call the English Channel? 	La Manche
1658	factoid	What year was Robert Frost born? 	187(4|5)
1659	factoid	Where was Bob Dylan born? 	Duluth\s?, Minn(\.,?|esota)?
1660	factoid	What is Elvis Presley's middle name? 	Aa?ron
1661	factoid	What does "E Pluribus Unum" mean? 	out of .*many\s?, one
1662	factoid	When was Jerusalem invaded by the general Titus? 	70 A.D.|70\s*AD|AD\s*70|A.D.\s*70
1663	factoid	What are the people who make fireworks called? 	Pyrotechnists
1665	factoid	When did Marian Anderson sing at the Lincoln Memorial? 	1939
1666	factoid	What is the name of the US military base in Cuba? 	Guant[aá]namo
1667	factoid	What is the abbreviation for the London stock exchange? 	L.?S.?E.?
1668	factoid	What is the oldest national park in the U.S.? 	Yellowstone
1669	factoid	How tall is Mount McKinley? 	20\s?,?\s?(32|40)0\s?-?\s?f(ee|oo)t|6,194-meter|20,?237\s*f(oo|ee)?t|20,?073\s*f(oo|ee)?t|6,?168\s*m|6,118\s*m
1671	factoid	Where is Big Ben? 	London
1672	factoid	What Latin American country is the leading exporter of sugar cane? 	Brazil
1674	factoid	What day did Neil Armstrong land on the moon? 	July 20\s?, 1969
1675	factoid	What group sang the song "Happy Together"? 	Turtles
1676	factoid	When was liquid water found on Mars? 	June 2[12]\s*,\s* 2000
1677	factoid	How did Micky Mantle die? 	cancer
1678	factoid	Who was the U.S. president in 1929? 	Hoover
1679	factoid	What is the diameter of the moon? 	2,159 miles|3,?474(.2[0-9]*)?\s*m
1680	factoid	What country was ruled by King Arthur? 	Britain|Engl(and|ish)
1681	factoid	When did Houdini die? 	1926
1682	factoid	When was Martin Luther King Jr. born? 	Jan(\s?\.?|uary)? 15\s?, 1929
1683	factoid	What name is horror actor William Henry Pratt better known by? 	Boris Karloff
1685	factoid	What is the most populous city in the United States? 	New\s?York
1686	factoid	Who defeated the Spanish armada? 	Drake|Engl(and|ish)
1687	factoid	What president declared Mothers' Day? 	Wilson
1688	factoid	What year was the gateway arch built? 	1965
1689	factoid	What war is connected with the book "Charge of the Light Brigade"? 	Crimean
1690	factoid	What does DEA stand for? 	Drug Enforcement A(dministration|gency)
1691	factoid	Where was the movie "Somewhere in Time" filmed? 	Grand Hotel|Mackinac Island
1692	factoid	How tall is the Eiffel Tower in France? 	98(4|6)\s?-?\s?f(ee|oo)?t\.?|301\s*m
1693	factoid	When was Jackie Robinson born? 	1919
1694	factoid	What year did California become a territory? 	1848
1695	factoid	What breed was Roy Rogers' horse Trigger? 	palomino
1697	factoid	Where is the Statue of Liberty? 	N(\.|ew)\s?Y(ork)?|Liberty Island
1698	factoid	When was Julius Caesar born? 	100\s*B.?C.?|B.?C.?\s*100
1699	factoid	What city is Purdue University in? 	West Lafayette
1700	factoid	Where is America's Stonehenge? 	Mystery Hill|N.H.|Salem(, New Hampshire)?|South of Manchester
1701	factoid	Where was President Lincoln buried? 	Oak Ridge Cemetery
1702	factoid	Whose business slogan is "Quality is job 1"? 	Ford
1704	factoid	What is the normal pulse rate? 	70 beats per minute|60.*100\s*(bpm|beats per minute)
1705	factoid	What is rum made out of? 	molasses|sugar cane
1706	factoid	What is the beginning date for the Hershey foods company? 	1903
1708	factoid	When was the Exxon Valdez Oil spill? 	1989
1710	factoid	What are the colors of the Italian flag? 	((green|white|red)\s*,?\s*(and)?\s*){3}
1711	factoid	When was the first jet invented? 	1928
1712	factoid	Who invented the fishing reel? 	Chinese|R.\s?D. Hull|Ustonson
1713	factoid	What is the name of the phobia for number 13? 	Triskaidekaphobia
1714	factoid	What province in Canada is Niagara Falls located in? 	Ontario
1716	factoid	Who was the first Triple Crown Winner? 	Sir Barton
1717	factoid	What city was the first in the world to have a population over one million? 	London|Xi'an
1718	factoid	When was the White House built? 	1(792|800)
1719	factoid	What is the distance from Jupiter to the sun? 	(777|800) million kilometers|778,?500,?000\s*km|483,?800,?000\s*miles
1720	factoid	When a game of baseball is forfeited, what is the score? 	9\s*[:-]\s*0
1721	factoid	How far is the pitchers mound from home plate in softball? 	46\s*f(ee|oo)?t
1722	factoid	What year did poet Emily Dickinson die? 	1886
1723	factoid	What is Madonna's last name? 	Ciccone
1726	factoid	What is the name of the canopy at a Jewish wedding? 	c?hup?pah?|chipe|chuppot
1728	factoid	When did Yankee Stadium first open? 	1923
1729	factoid	What is the name of the airport in Amsterdam? 	Schiph?ol
1730	factoid	What is Mark Twain's real name? 	Samuel.*Clemens
1731	factoid	How often does the United States government conduct an official population census? 	(10|ten) years
1732	factoid	What are the opening words of the Declaration of Independence? 	We hold these truths|When in the Course of human events
1734	factoid	How do you say "pig" in Spanish? 	Cerdo
1735	factoid	What city is Southwestern University in? 	Georgetown,?
1736	factoid	Where on the body would you find the jowls? 	cheek
1737	factoid	How much sleep should a child get at night? 	((9|1[0-5])\s*(-|to)?\s*)+h(our)?
1739	factoid	What is the full name of conductor Seiji? 	Seiji Ozawa
1740	factoid	What is the Stanley Cup made of? 	silver
1741	factoid	What author wrote under the pen name "Boz"? 	Dickens
1742	factoid	When did the Mesozoic period end? 	6[56] million years ago
1744	factoid	What car company invented the Edsel? 	Ford
1746	factoid	Who stabbed Monica Seles? 	Parche|Graf fan|fan of (Steffi )?Graf
1747	factoid	Where is the national hurricane center located? 	Miami
1748	factoid	When were the Los Angeles riots? 	(19|4/30/)92
1749	factoid	When was Sputnik launched? 	1957
1751	factoid	Where is Mesa Verde National park? 	Colo(\.?|rado)|Cortez
1752	factoid	When was the Oklahoma City bombing? 	1995
1753	factoid	When was the Vietnam Veterans Memorial in Washington, D.C. built? 	1982
1754	factoid	When did the Persian Gulf War occur? 	1991
1755	factoid	What was the profession of American patriot Paul Revere? 	silversmith|engraver
1756	factoid	When is Fashion week in NYC? 	Sept?(ember)?|Feb(ruary)?
1757	factoid	When did the battle of Iwo Jima take place? 	1944|1945
1758	factoid	What is the "Sunflower State"? 	Kansas
1759	factoid	Who wrote "Fiddler on the Roof?" 	Sheldon Harnick
1762	factoid	What is the name of Scarlett O'Hara's house? 	Tara
1763	factoid	How old is the universe? 	1[34].* billion years
1764	factoid	What Cuban dictator did Fidel Castro force out of power in 1958? 	Batista
1766	factoid	What is Australia's national blossom? 	wattle
1767	factoid	When was the first Ford Mustang made? 	1964
1768	factoid	What TV series did Pierce Brosnan play in? 	Remington Steele(.*)?
1769	factoid	Who is the owner of the St. Petersburg Times? 	Poynter|Times Publishing
1771	factoid	When was D-Day? 	1944|June? 6
1772	factoid	Who invented the cotton gin? 	Whitney
1773	factoid	What was Aaron Copland's most famous piece of music? 	Appalachian Spring|Billy the Kid|Rodeo|Fanfare for the Common Man|Third Symphony
1774	factoid	What does HTML stand for? 	hyper\s?text markup language
1775	factoid	What is a group of antelope called? 	herd
1776	factoid	What year did the first American lighthouse open? 	1716
1777	factoid	Who did Scott Bakula play in "American Beauty"? 	Jim
1778	factoid	When did Walt Disney die? 	1966
1779	factoid	What is Australia's oldest city? 	Sydney
1780	factoid	Who has the most no hitters in major league baseball? 	Ryan
1781	factoid	What year did "Snow White" come out? 	1937
1782	factoid	Who was the first woman to run for president? 	Pamfilova|Victoria Woodhull
1783	factoid	What country are Volvo automobiles made in? 	Sweden
1784	factoid	What is the scientific name for leech? 	Hirudo medicinalis
1785	factoid	What body of water does the Euphrates River empty into? 	Persian gulf
1787	factoid	What is David Lee Roth's birthday? 	Oct(.|ober)?\s* 10
1788	factoid	Who makes viagra? 	Pfizer
1789	factoid	What is the date of the Kent State Shooting? 	May 4\s?, 1970
1790	factoid	What country is the holy city of Mecca located in? 	Saudi Arabia
1791	factoid	When did they put Mir down? 	1999|2001
1796	factoid	What year did General Montgomery lead the Allies to a victory over the Axis troops in North Africa? 	1942
1797	factoid	How did Adolf Hitler die? 	committed suicide
1798	factoid	On what continent is Egypt located? 	African?
1799	factoid	What is the life expectancy of the average woman in Nigeria? 	5[0-9] years
1800	factoid	Which president was sworn into office on an airplane? 	Lyndon Johnson
1801	factoid	Where is the smallest bone in the body? 	ear
1802	factoid	How tall is Tom Cruise? 	5\s*(f(ee|oo)?t|')\s*7\s*(in(ch.*)?|")
1803	factoid	When did Willis Haviland Carrier make the air conditioner? 	1902
1804	factoid	Which river runs through Dublin? 	Liffey|Dodder|Tolka
1805	factoid	Who was elected President of South Africa in 1994? 	Mandela
1806	factoid	When was the first heart transplant? 	1967
1807	factoid	What is the range for the number of passengers a Boeing 747-400 airplane can carry? 	416|524|660
1808	factoid	What island did the U.S. gain after the Spanish American war? 	Cuba|Guam|Puerto Rico
1809	factoid	When was the Buckingham Palace built in London, England? 	1703
1810	factoid	Where are the British Crown jewels kept? 	London Tower|Tower of London
1811	factoid	When was penicillin first used? 	194(0s|1|2|7)
1812	factoid	What was the name of the stage play that A. Lincoln died at? 	Our American Cousin
1813	factoid	When were the first postage stamps issued in the United States? 	1847
1814	factoid	What gift is proper for a 1st anniversary? 	paper|plastic|clock
1815	factoid	What is Nicaragua's main industry? 	tourism
1818	factoid	Where did Golda Meir grow up? 	Milwaukee|Ukraine
1819	factoid	When did Marilyn Monroe commit suicide? 	1962
1820	factoid	When is Mexico's independence? 	18(10|21)
1821	factoid	Who was the architect who designed the Empire State Building? 	Lamb
1822	factoid	Who was the captain of the Titanic? 	Smith
1823	factoid	What number did Michael Jordan wear? 	(23|45)|Twenty-three
1824	factoid	Which planet did the spacecraft Magellan enable scientists to research extensively? 	Venus
1825	factoid	What year did Nintendo 64 come out? 	1996
1826	factoid	Which film received the first best picture Academy Award? 	.*Wings.*
1827	factoid	Where was the battle of Alamo fought? 	San Antonio|Texas
1828	factoid	What was Thailand's original name? 	Siam
1829	factoid	How tall is the CNN Tower in Toronto? 	553.*\s*m|1,?815.*\s*f(oo|ee)?t
1830	factoid	What city does the Tour de France end in? 	Paris
1831	factoid	What is the name of Abbott and Costello's famous routine? 	Who's on First
1833	factoid	How tall is Mike Tyson? 	5\s*(f(ee|oo)?t|')\s*10\s*(in(ch.*)?|")
1834	factoid	Which disciple received 30 pieces of silver for betraying Jesus? 	Judas
1835	factoid	Who was Sherlock Holmes' arch enemy? 	Moriarty
1836	factoid	What river runs through Rome, Italy? 	Tiber
1837	factoid	What year was Ebbets Field, home of Brooklyn Dodgers, built? 	191[23]
1838	factoid	What was the name of FDR's dog? 	Fala
1839	factoid	What country was formed in 1948? 	Burma|Israel|Myanmar
1840	factoid	What is the state song of Kansas? 	Home on the Range
1843	factoid	In what month are the most babies born? 	July|August|September
1844	factoid	When was the Hellenistic Age? 	2nd century B.C.|2nd century B.C.|323(-58)? B.C.
1845	factoid	What province is Calgary located in? 	Alberta
1846	factoid	What is the oldest sports trophy? 	America(\s?')?s Cup
1847	factoid	What is Tina Turners real name? 	Ann(a|ie) Mae Bullock
1848	factoid	What was the name of the plane that dropped the Atomic Bomb on Hiroshima? 	Enola Gay
1849	factoid	What is the nickname of Oklahoma? 	Sooners?( State)?
1850	factoid	What is Marilyn Monroe's real name? 	Norma Jeane? (Baker|Mortenson)
1851	factoid	Which country colonized Hong Kong? 	Britain
1852	factoid	When did Henry VIII rule England? 	16th\s*century|1509.*1547
1853	factoid	Where was the Andersonville Prison? 	G(eorgi)?a\.?
1855	factoid	How fast is the world spinning? 	1,?0[34][0-9]\s*(miles per hour|mph)|1,?6[67][0-9]\s*(kilometers per hour|km.*h)
1856	factoid	What city is known as the rubber capital of the world? 	Akron,?
1857	factoid	What is the length of Churchill Downs racetrack? 	seven furlongs|1.* mile|2 k(ilo)?m(eters)?
1858	factoid	Tell me where the DuPont company is located. 	Wilmington
1859	factoid	What branch of the military has its academy in Annapolis? 	Nav(al|y)
1861	factoid	Where was Bill Gates born? 	Seattle
1863	factoid	Who said "I have not begun to fight!"? 	John Paul Jones
1864	factoid	What was the name of the first child of English parents to be born in America? 	Virginia Dare
1865	factoid	What is the major crop grown in Arizona? 	cotton
1866	factoid	What part of the eye continues to grow throughout a person's life? 	lens
1867	factoid	Which Italian city is home to the Cathedral of Santa Maria del Fiore or the Duomo? 	Florence
1870	factoid	What country is Pretoria in? 	South(\s|_)African?
1871	factoid	How much gravity exists on Mars? 	third|38\s*(%|percent)|3.711.*m/s|0.376\s*g
1872	factoid	How did Eva Peron die? 	cervical cancer
1873	factoid	What is the motto for California? 	.*Eureka.*
1874	factoid	When was the battle of Shiloh? 	1862
1878	factoid	What year was the phonograph invented? 	187(7|8)
1879	factoid	By what nickname was musician Ernesto Antonio Puente, Jr. best known? 	El Rey|Tito
1880	factoid	When was King Louis XIV born? 	1638
1882	factoid	What nationality is Sean Connery? 	Scot(tish)?
1884	factoid	Where is the Sea of Tranquility? 	moon
1885	factoid	What language do they officially speak in New Caledonia? 	French
1886	factoid	What are Brazil's national colors? 	bright yellow and blue|green and yellow
1890	factoid	Who is the author of the poem "The Midnight Ride of Paul Revere?" 	Longfellow
1891	factoid	Who was the first black heavyweight champion? 	Jack Johnson
1892	factoid	Where does cinnamon come from? 	Sri Lanka
1896	factoid	What was the Hunchback of Notre Dame's real name? 	Quasimodo
1897	factoid	What is the name of the airport in Dallas Ft. Worth? 	Dallas(\s\/\s|\-)Fort Worth International Airport
1898	factoid	What city is Disneyland in? 	Anaheim|Paris|To(ky|yk)o
1899	factoid	What book did Rachel Carson write in 1962? 	Silent Spring
1900	factoid	What country is Aswan High Dam located in? 	Egypt
1904	factoid	How high is the pitcher's mound? 	(ten|10)\s*in(ch(es)?)?|25.4\s*(cm|centimeters?)
1906	factoid	How did the disciple Peter die? 	crucif.*
1909	factoid	What business was the source of John D. Rockefeller's fortune? 	oil
1910	factoid	What are pennies made of? 	zinc|copper|brass|bronze|steel
1911	factoid	What is the name of the chart that tells you the symbol for all chemical elements? 	periodic (table|chart)
1912	factoid	In which capital city is the River Seine? 	Paris
1914	factoid	What city is the home to the Rock and Roll Hall of Fame? 	Cleveland
1916	factoid	What city did Duke Ellington live in? 	New York|Washington
1918	factoid	How did Jimi Hendrix die? 	chok(e|ing)
1919	factoid	How big is Mars? 	diameter.*(4,?21[0-9]\s*miles|6[78][0-9][0-9]\s*(km|kilometers))|radius.*(2,?106\s*miles|3,?390\s*(km|kilometers))
1920	factoid	When was "Cold Mountain" written? 	1997
1921	factoid	How did Virginia Woolf die? 	river|drown|suicide
1922	factoid	How fast is an eye blink? 	\.(03|[1-4].*)\s*s(econds)?|0.[1-4].*(ms|milliseconds)
1925	factoid	What did Ozzy Osbourne bite the head off of? 	bat
1926	factoid	When was the U.S. capitol built? 	179[03-9]|1800
1927	factoid	How did George Washington die? 	inflammatory quinsy|severe infection of the throat|throat infection|cynanche trachealis|inflammation|blee?d|epiglottitis
1928	factoid	how did Patsy Cline die 	plane crash|crash.*plane
1929	factoid	What band did the music for the 1970's film "Saturday Night Fever"? 	Bee Gees
1930	factoid	What band was Jerry Garcia with? 	Grateful Dead|Jerry Garcia Acoustic Band|Wildwood Boys
1931	factoid	When was Prince Charles born? 	1948
1932	factoid	When did International Volunteers Day begin? 	1985
1934	factoid	What is the play "West Side Story" based on? 	Romeo and Juliet
1935	factoid	What color is the top stripe on the U.S. flag? 	red( stripe| color)?$
1936	factoid	How many stories are in the Sears Tower? 	(100|110|10[6-9])
1937	factoid	How fast can a nuclear submarine travel? 	(25|30|33)\s*knots|29\s*(mph|miles per hour)|46\s*(kph|kilometers per hour)
1938	factoid	How many floors are in the Empire State Building? 	102
1939	factoid	How did Einstein die? 	abdominal.*aneurysm
1941	factoid	What membrane controls the amount of light entering the eye? 	iris
1943	factoid	What is the name of Ling Ling's mate? 	Ahua|Hsing-Hsing|Tong Tong
1944	factoid	What did George Washington call his house? 	Mount Vernon
1945	factoid	When was Adolf Hitler born? 	1889
1946	factoid	What day and month did Nixon resign? 	9[^0-9]*Aug(ust)?|Aug(ust)?[^0-9]*9
1947	factoid	What country did Catherine the Great rule? 	Russian?
1948	factoid	What is the word which means one hiring his relatives? 	nepotism
1949	factoid	What is the nickname of the British flag? 	Union Jacks?
1950	factoid	Who created the literary character Phineas Fogg? 	Verne
1953	factoid	How many NFL teams are there? 	3[12]
1954	factoid	What country made the Statue of Liberty? 	France
1956	factoid	What country is the largest in square miles? 	Russia
1959	factoid	What does cc mean in letter writing? 	carbon copy
1961	factoid	What position did Satchel Paige play in professional baseball? 	pitcher
1962	factoid	What country is know as the "Land of the Rising Sun"? 	Japan
1966	factoid	What capital city do you see from the top of Bunker Hill? 	Boston
1967	factoid	What party led Australia from 1983 to 1996? 	ALP|Labor
1968	factoid	What fruit's stone does Laetrile come from? 	apricot
1969	factoid	What does ACLU stand for? 	American Civil Liberties Union
1970	factoid	What is the national airline of Spain? 	Iberia
1971	factoid	What city is the Liberty Bell currently located in? 	Philadelphia
1973	factoid	What player on a basketball team usually plays the post or pivot position? 	center
1974	factoid	What is Richie's surname on "Happy Days"? 	Cunningham
1975	factoid	How did Cleopatra die? 	asp bite|suicide
1976	factoid	What is the motto for the Boy Scouts? 	Be Prepared
1980	factoid	How far is the moon from Earth in miles? 	221,456( miles?)|221,662|222,000 miles|250 , 000 miles|252,711 miles|238,?900
1981	factoid	How long is the Great Barrier Reef? 	1,?((200|250|400)\s*miles?|(2,?000|2,?300)\s*(km|kilometers)
1982	factoid	What movie won the Academy Award for best picture in 1989? 	Driving Miss Daisy
1983	factoid	When was Lyndon B. Johnson president? 	1963.*69
1984	factoid	What are people born 1965 through 1980 called? 	Generation X
1985	factoid	What is the Cav's arena name? 	Gund|Quicken Loans
1986	factoid	What city is Ole Mississippi University in? 	Oxford
1991	factoid	How did Minnesota get its name? 	Sioux.*river|river.*Sioux
1992	factoid	How hot is the sun? 	(5,?778|6,?[05]00)\s*K|(5,?505|6,?[50]00).*C|(9,?941|10,?000).*F
1993	factoid	How many official languages does Switzerland have? 	four|\b4\b
1994	factoid	What was the Beatles' first number one hit? 	Please Please Me|From Me To You
1995	factoid	What department is responsible for regulating casino gambling in Mississippi? 	Mississippi Gaming Commission
1996	factoid	What city is Duke University in? 	Durham
1997	factoid	What American revolutionary general turned over West Point to the British? 	Arnold
1998	factoid	How old was Babe Ruth when he died? 	53
1999	factoid	What is the state with the smallest population? 	Wyoming|Pitcairn|Vatican
2000	factoid	How many Earth days does it take for Mars to orbit the sun? 	68[67]
2001	factoid	What rock band sang "A Whole Lotta Love"? 	Led Zeppelin
2003	factoid	How far is the distance for a free throw? 	(15|19)\s*f(oo|ee)?t|(4.6|5.8)\s*m
2004	factoid	What do the opposite sides of a die add up to? 	seven|\b7\b
2007	factoid	How many years are there in a French president's term? 	seven|\b7\b
2009	factoid	What animal has human-like fingerprints? 	koala
2010	factoid	What island was Napoleon exiled to after his defeat at Waterloo? 	(St\.?|Saint) Helena
2011	factoid	When was Leonardo da Vinci born? 	1452
2012	factoid	How did Marty Robbins die? 	heart attack|cardiac
2013	factoid	How many stripes are on the American flag? 	13|thirteen
2015	factoid	What building is the Academy of Country Music Awards held in? 	MGM Grand Garden Arena
2016	factoid	What is the area of western Germany that is known for its rich coal deposits? 	Ruhr
2017	factoid	What US state produces most of the nation's cheese? 	Wisconsin
2018	factoid	How many Mars days are there in a Martian year? 	66[89]
2020	factoid	In which city would you find the Louvre? 	Paris
2021	factoid	What is the world's largest coral reef? 	Great Barrier Reef
2022	factoid	What English city does the prime meridian pass through? 	Greenwich
2023	factoid	What continent is the world's largest dessert on? 	Africa
2025	factoid	What sports stadium has been billed as "the eighth wonder of the world"? 	Astrodome
2026	factoid	When was the first Olympics held? 	776 BC|-776|1896
2027	factoid	When was OJ Simpson arrested for murder? 	1994
2028	factoid	What are the biggest snakes in the world? 	anaconda|reticulated python|titanoboa
2029	factoid	How many electoral votes does Tennessee have? 	11
2030	factoid	How do you say "cat" in the French language? 	chat
2032	factoid	What sporting event first took place in 1903? 	Tour de France
2033	factoid	How many types of human blood are there? 	four|\b4\b|eight|\b8\b|\b33\b
2035	factoid	How many stomachs does a cow have? 	four|\b4\b
2036	factoid	How many counties are in California? 	58
2037	factoid	How did Iowa get its name? 	(Siouan|indian).*(ayuhwa|ouaouia|asleep)
2038	factoid	What did Alfred Noble invent? 	dynamite
2039	factoid	What college did Allen Iverson go to? 	Georgetown
2040	factoid	What are baby frogs called? 	tadpole
2044	factoid	What museum in Philadelphia was used in "Rocky"? 	Art\s+Museum|Museum of Art
2045	factoid	When was the city of New Orleans founded? 	1718
2047	factoid	How close is Mercury to the sun? 	(3[56].*million|35,?980,?000)\s*miles|(57,?910,?000|5[78].*million)\s*(km|kilometers)
2048	factoid	When was MTV started? 	1981
2049	factoid	What president served 2 nonconsecutive terms? 	Grover Cleveland
2050	factoid	What dissolves gold? 	cyanide|aqua regia|hydrochloric.*nitrid|HCl.*HNO3
2052	factoid	What county is San Antonio, Texas in? 	Bexar
2053	factoid	What duo lost their Grammy for best new artist when it was discovered that they lip-synched their songs? 	Milli Vanilli
2055	factoid	What dessert is made with poached peach halves, vanilla ice cream, and raspberry sauce? 	PEACH MELBA
2056	factoid	What band did former Red Hot Chili Peppers guitarist Dave Navarro start out with? 	Jane's Addiction
2057	factoid	How many children did Bob Marley have? 	seven|\b7\b
2058	factoid	What is the motto of the "New York Times"? 	all the news that's fit to print
2059	factoid	How did Chicago get its name? 	French.*(onion|garlic)
2061	factoid	What court case overturned Plessy v. Furgeson? 	Brown vs?. Board of Education
2062	factoid	How many legs does a beetle have? 	six|\b6\b
2064	factoid	What country is Mt. Everest in? 	Nepal
2065	factoid	What is a female moose called? 	cows?
2066	factoid	What is tequila made from? 	agave
2067	factoid	How many Great Lakes are there? 	five
2068	factoid	What animal is responsible for the most human deaths worldwide? 	mosquito
2069	factoid	When was the first Star Wars movie made? 	1977
2070	factoid	What date did the U.S. civil war start? 	April 12.*1861
2071	factoid	How many islands are there in Indonesia? 	1[78],?(508|306|000)|8,?844
2072	factoid	How did Brandon Lee die? 	shooting|gunshot|film|movie
2073	factoid	How fast does light travel through space? 	186,?(282|000) miles per second|(299,?792|300,?000) kilometers per second|299,?792,?458 met(re|er)s per second|671 million miles per hour
2074	factoid	How tall is the tallest pyramid? 	14[67].*\bm|481\s*f(ee|oo)?t|13[89].*\bm|455\s*f(ee|oo)?t
2075	factoid	What city in Louisiana was Britney Spears born in? 	Kentwood
2076	factoid	What company owns the soft drink brand "Gatorade"? 	Quaker Oats|PepsiCo
2078	factoid	What is Corian made of? 	acrylic.*alumina|alumina.*acrylic
2080	factoid	What peace treaty ended WWI? 	Versailles|Lausanne
2084	factoid	How many home runs did Babe Ruth hit? 	714
2085	factoid	How close is Mesa to Phoenix? 	(1[789]|20) mile|3[0-4]\s*(km|kilometers)
2086	factoid	What is the study of ants called? 	myrmecology
2087	factoid	What Canadian city has the largest population? 	Toronto
2088	factoid	How many rooms are in the White House? 	132
2089	factoid	On what Caribbean Island was Ponce de Leon governor? 	Puerto Rico('s)?
2090	factoid	What Ridley Scott movie is set in 180 a.d.? 	Gladiator
2091	factoid	What is Eminem's real name? 	Marshall.*?Mathers
2093	factoid	Which city is home to Superman? 	Metropolis
2094	factoid	When was JFK born? 	1917
2098	factoid	What player has been the home run champion of the national league seven times? 	Kiner
2099	factoid	What comedy team was John Cleese part of? 	Monty Python('s)?
2100	factoid	What did Caesar say before he died? 	Et tu, Brute\?
2101	factoid	What country was Catherine the Great from? 	Prussia
2102	factoid	What American landmark stands on Liberty Island? 	Statue of Liberty
2103	factoid	What confederate general was responsible for the defeat at Gettysburg? 	Lee|Pickett
2104	factoid	When was the first submarine not using human-powered propulsion invented? 	July 1863
2105	factoid	What country produces the most silk? 	China
2106	factoid	What is Barbie's full name? 	(Barbie|Barbara) Millicent Roberts
2107	factoid	What is the currency of Denmark? 	kroner?|DKK
2109	factoid	When was the U.N. created? 	1945
2110	factoid	what is Speedy Claxton's real name? 	Craig
2115	factoid	In what Canadian province are most people of French descent? 	Qu[eé]bec
2117	factoid	What college did Marcus Camby play for? 	University of Massachusetts
2119	factoid	When is Jennifer Lopez's birthday? 	July 24,?
2120	factoid	What does "CBS" (television network) stand for? 	Columbia Broadcasting System
2121	factoid	What artist recorded the song "At Last" in the 40's or 50's? 	Etta James
2122	factoid	What is the inner peel of an orange called? 	pith
2123	factoid	When was John Lennon born? 	1940
2124	factoid	What organization did Paul Konerko first play major league baseball with? 	Dodgers
2127	factoid	What country did Panama gain its independence from? 	Colombia
2128	factoid	What flavor filling did the original Twinkies have? 	banana
2129	factoid	How many home runs did Henry "Hank" Aaron hit in his major league career? 	755
2131	factoid	Who was the first African-American speaker of the California State Assembly? 	Brown
2133	factoid	When was Abraham Lincoln born? 	1809.*?
2134	factoid	What is Motley Crue's Nikki Sixx's real name? 	Frank.*Feranna
2136	factoid	How many moons does Neptune have? 	eight|\b8\b
2139	factoid	What gas is 78 percent of the earth's atmosphere? 	nitrogen
2140	factoid	What day did Martin Luther King, Jr. get assassinated? 	April 4, 1968
2141	factoid	How many justices does the United States Supreme Court have? 	nine|\b9\b
2143	factoid	How did John Dillinger die? 	gunned down|shot
2145	factoid	What does a theodolite measure? 	angle
2149	factoid	How many Olympic gold medals did Carl Lewis win? 	ten|\b10\b
2151	factoid	What cathedral is in Claude Monet's paintings? 	Rouen
2152	factoid	When was the Great Wall of China built? 	2,?000 years ago|7th century BC|6.. BC|2[0-2]. BC|Ming
2153	factoid	What date did the Lusitania sink? 	1915
2154	factoid	What is egg white called? 	glair|album[ei]n
2155	factoid	What country is home to Sabena Airlines? 	Belgi(a|u)(m|n)
2156	factoid	How fast does Randy Johnson throw? 	(95|98|100(.1)?).*?(mph|miles per hour)|160\s*(km|kilometers).*h
2159	factoid	What country singer's first album was titled "Storms of Life"? 	Randy Travis
2160	factoid	What is the body temperature of a dog? 	\b(100|102|38|39)\b
2161	factoid	What is the nickname for the national New Zealand basketball team? 	Tall Blacks|Kiwis
2164	factoid	How did Julius Irving's son die? 	cocaine|drown
2165	factoid	What date was the Declaration of Independence signed on? 	Aug. 2, 1776|July 4.*?1776
2168	factoid	What country produces the most emeralds? 	Colombia
2169	factoid	What day did Pearl Harbor occur? 	Dec\s?(ember|.) 7,?|Sunday
2170	factoid	How often does the men's soccer World Cup take place? 	four year|4 year
2173	factoid	What is the "Playboy" logo? 	bunny|rabbit
2175	factoid	What country did Iraq invade in 1990? 	Kuwait
2176	factoid	when was Dante's "Inferno" written? 	1300s|1308|1321|14th century
2178	factoid	How high is Mt. Hood? 	11,?24[0-9]\s*f(oo|ee)?t|3,?429\s*m
2179	factoid	What famous verse did Sarah Hale write in 1830? 	Mary Had a Little Lamb|Mary's Lamb
2182	factoid	How far is the Titanic under water? 	12,?(000|500|460)\s*f(ee|oo)?t|3,?800\s*m
2184	factoid	What Liverpool club spawned the Beatles? 	Cavern
2186	factoid	What are the measurements for a king-size bed? 	76\s*(inch|").*80\s*(inch|")
2187	factoid	What is the big prize called in Canadian football? 	Grey Cup
2188	factoid	Who sang "Tennessee Waltz"? 	Patti Page
2189	factoid	What animal can go the longest without water? 	kangaroo rat
2190	factoid	What country is Hyundai from? 	Republic of Korea|South Korea
2191	factoid	What city is the gateway arch located in? 	St.*?Louis
2192	factoid	How did Malcolm X die? 	assassin|murder|shot
2193	factoid	How many feet above sea level is Jerusalem? 	\b2,?[4567][0-9][0-9]\b
2195	factoid	When was Ronald Reagan shot? 	1981
2196	factoid	What ocean are the Gilbert Islands in? 	Pacific
2197	factoid	What is the name of the first unmanned space craft sent to Mars by NASA? 	Viking
2199	factoid	What band was Jimmy Page in before Led Zeppelin? 	Yardbirds
2202	factoid	How many interceptions did Joe Montana throw in four Superbowls? 	never|none|\b0\b|zero
2204	factoid	What actor has a tattoo on his right wrist reading "Scotland forever"? 	Connery
2205	factoid	How many cabinet officers are there? 	\b(14|15|22|23)\b
2209	factoid	What is the term for arable land left unseeded for one season? 	fallow
2210	factoid	How many grams in an ounce? 	28|30
2211	factoid	How large of a litter does a rat have at one time? 	\b(7|seven|14|11|10|12)\b
2212	factoid	What country artist is nicknamed Tater? 	Little Jimmy Dickens
2214	factoid	What country other than Germany has German as its official language? 	Austria|Switzerland|Belgium|Luxembourg|Lichtenstein
2215	factoid	What are sounds too low for humans to hear called? 	infrasonic|infrasound
2216	factoid	How did Dennis Brown die? 	pneumo|lung
2217	factoid	What country does Greenland belong to? 	Denmark
2218	factoid	What company manufactures Van Heusen shirts? 	Phillips-Van Heusen|PVH
2219	factoid	How tall is Al Pacino? 	5\s*(f(oo|ee)?t|').*6\s*(in(ch)?(es)?|")|1.7.*cm
2223	factoid	When was the first practical camera invented? 	1839
2225	factoid	What modern country is home to the ancient city of Babylon? 	Iraq
2226	factoid	When was abortion legalized in the U.S.? 	1973
2227	factoid	What is the Bluegrass state? 	K(entuck)?y.?
2228	factoid	What country was the Battle of Verdun fought in? 	France
2230	factoid	What dam is said the be the largest hydroelectric station in the world? 	Three Gorges|Itaipu
2231	factoid	What is a word spelled the same backward and forward called? 	palindrome
2232	factoid	What daughter of Czar Nicholas II is said to have escaped death in the Russian revolution? 	Anastasia
2233	factoid	How far is a 3-point line from the basketball goal in the NBA? 	23\s*(f(ee|oo)?t|').*9\s*(in(ch)?(es)?|")
2235	factoid	What is the highest mountain in South America? 	Aconcagua
2236	factoid	What country's flag flies over the Canary Islands? 	Spa(in|nish)
2237	factoid	What album became the greatest selling album of all time? 	Thriller
2239	factoid	What prison is Charles Manson at? 	Corcoran
2240	factoid	What does the bugler play at the end of the day on a US military base? 	Taps
2241	factoid	How tall is the green monster at Fenway? 	(37|thirty.seven)\s*f(ee|oo)?t|11.*m
2242	factoid	What chemical is in chocolate that helps with depression? 	phenylethylamine|dopamine|serotonin
2244	factoid	What dress size was Marilyn Monroe? 	\b(14|12|8|4)\b
2246	factoid	What film did Liza Minnelli win a best actress Oscar for? 	Cabaret
2247	factoid	What major league baseball player has 511 pitching victories? 	Cy Young
2248	factoid	How many planets are in our solar system? 	nine|\b9\b|eight|\b8\b
2249	factoid	When was the Panama Canal returned to Panama? 	1999
2251	factoid	How deep is the Grand Canyon? 	(1|a) mile|(6,?000|5,?700)\s*f(ee|oo|')?t|1,?[68]00\s*m|1.6\s*km
2252	factoid	What apostle was crucified? 	Peter
2255	factoid	How do you say "I love you" in French? 	je t'aime
2257	factoid	What is the richest country in the world? 	Qatar
2260	factoid	When was the hot air balloon invented? 	1783
2261	factoid	What college did Magic Johnson go to? 	Michigan State
2262	factoid	How did Cincinnati get its name? 	Cincinnatus|Arthur St. Clair
2263	factoid	How big was the Super Big Gulp sold in 7-Eleven stores in 1980? 	1.2\s*l|41.*(fl oz|ounces)
2264	factoid	How old was Elvis when he died? 	42
2265	factoid	How did Marjorie Kinnan Rawlings die? 	cerebral hemorrhage
2266	factoid	What substance did Charles Best and Frederick Banting discover in 1922? 	insulin
2268	factoid	what instrument does the concertmaster of an orchestra usually play? 	violin
2269	factoid	How long is a quarter in an NBA game? 	12.m.*
2270	factoid	What is capital of Maryland? 	Annapolis
2271	factoid	What class of drug is Xanax? 	.*anxi.*|psychoactive
2272	factoid	How many intelligence agencies does the U.S. have? 	17
2273	factoid	Which religion has the largest number of followers worldwide? 	Christian|Roman Catholic
2275	factoid	How big is the planet Venus? 	3,?7[5-7][0-9]\s*miles|6,?05[0-9]\s*(km|kilometers)
2276	factoid	When was Mariah Carey born? 	March 27|1969|1970
2277	factoid	In which country is Timbuktu? 	Mali
2281	factoid	What American commodore demanded that Japan trade with the United States? 	Perry
2282	factoid	What canal is between the Mediterranean Sea and the Red Sea? 	Suez
2283	factoid	What is the traditional dish served at Wimbledon? 	strawberr.*cream
2284	factoid	What Chinese Dynasty was during 1412-1431? 	Ming
2285	factoid	How much does the capitol dome weigh? 	14.1 million pounds
2286	factoid	What is an Indian flute made of? 	cane|wood
2288	factoid	What animal is veal from? 	cal(f|ves)|cows
2289	factoid	What continent is Togo on? 	African?
2290	factoid	When was the piano made? 	1700|1698|1[78].*century
2292	factoid	What do you call a bone doctor? 	Orthopedic
2293	factoid	How many times a day do observant Muslims pray? 	\b(five|5)\b
2294	factoid	What continent is India on? 	Asia
2295	factoid	What 1857 U.S. Supreme Court decision denied that blacks were citizens? 	Dred Scott
2296	factoid	What national monument was designated as the first national monument in 1906? 	Devils Tower
2297	factoid	What is Britney Spears' middle name? 	Jean
2299	factoid	How many mph do you have to go to break the sound barrier? 	...|761
2300	factoid	What country did Marco Polo come from? 	Ital(y|ian)
2301	factoid	What composer wrote "Die Gotterdammerung"? 	Wagner
2302	factoid	How much did the first Barbie cost? 	\b3\b|three
2303	factoid	What is the longest river in the world? 	Amazon|Nile
2305	factoid	When is Mexico's Independence Day? 	Sep.*16
2306	factoid	How big is the Great Pyramid? 	146.5\s*m|481\s*f(oo|ee)?t|138.8\s*m|455\s*f(oo|ee)?t|230.4\s*m|756\s*f(oo|ee)?t
2307	factoid	How many terms was Dwight D. Eisenhower president? 	\b2\b|two
2310	factoid	How many American deaths were there in the Korean war? 	\b3[0-9],?[0-9]{3}\b
2311	factoid	How did the Lindy Hop get its name? 	Lindbergh|Snowden
2312	factoid	How many republics made up the Soviet Union? 	\b15\b|fifteen
2313	factoid	What does an English stone equal? 	14 pound|6.*(kg|kilogram)
2315	factoid	How many tentacles do squids actually have? 	two|\b2\b
2317	factoid	What team drafted Brett Favre? 	Atlanta|Falcons
2318	factoid	What instrument measures radioactivity? 	Geiger|dosimeter
2319	factoid	What common medicine discovered by native Americans is from the bark of a willow tree? 	aspirin
2320	factoid	When was the first TV invented? 	192[567]
2323	factoid	What American feminist appeared on a silver dollar? 	Susan.*Anthony
2325	factoid	When was the first Superbowl? 	1967
2326	factoid	How far is it from the pitcher's mound to home plate? 	60\s*('|f(ee|oo)?t).*6\s*(in|")|18.4\s*m
2328	factoid	What state was Amelia Earhart born in? 	Kan(sas|.)
2330	factoid	What river is under New York's George Washington bridge? 	Hudson
2331	factoid	What actress has received the most Oscar nominations? 	Hepburn|Streep
2333	factoid	How old do you have to be to join the U.S. Navy? 	\b17\b
2334	factoid	What did Peter Minuit buy for the equivalent of $24.00? 	Manhattan
2335	factoid	How did Harry Chapin die? 	...|traffic
2336	factoid	How many layers of skin do we have? 	\b3\b|seven|three|\b7\b
2337	factoid	How did Joseph Smith die? 	mob|assassin|lynch|shoo?t
2338	factoid	When was the Titanic built? 	1909|1911
2339	factoid	How did John Quincy Adams die? 	stroke|cerebral hemorrhage
2340	factoid	What instrument did the jazz musician Art Tatum play? 	pian(o|ist)
2341	factoid	When was barbed wire invented? 	1867
2342	factoid	When was the first televised World Series? 	1947
2344	factoid	What city hosted the 1936 Summer Olympics? 	Berlin
2347	factoid	Where is Mount Olympus? 	Greece
2350	factoid	How big is the killer whale? 	\b[68]\s*m|2[0-6]\s*f(ee|oo)?t|\b[56]\b(\s*t|.*ton)
2351	factoid	How long before bankruptcy is removed from a credit report? 	(10|ten|\b7|seven) years
2352	factoid	What engineer designed the Erie Canal? 	Benjamin Wright
2353	factoid	What did Osama bin Laden's father do for a living? 	construction|business
2354	factoid	How did Anne Frank die? 	typhus|concentration camp
2355	factoid	What 20th century American president died at Warm Springs, Georgia? 	Roosevelt|FDR
2356	factoid	What instrument did Louis Armstrong play? 	cornet|trumpet
2357	factoid	What city's biggest shopping district is called the Ginza District? 	Tokyo('s)?
2358	factoid	Who was responsible for the killing of Duncan in "Macbeth"? 	Macbeth
2359	factoid	What country's soldiers hid in the Trojan horse? 	Greek
2360	factoid	What is the gift for the 20th anniversary? 	china|platinum
2361	factoid	What stadium was the first televised MLB game played in? 	Ebbets Field
2362	factoid	How high is Pikes peak? 	14,?11[0-9]\s*('|f(ee|oo)?t)|4,?30[0-9]\s*m
2364	factoid	How hot does it get in Death Valley? 	\b134\b|56\.7|\b116\b|\b47\b
2365	factoid	What body of water does the Colorado River empty into? 	Gulf of California
2367	factoid	How tall is the Washington Monument? 	555\s*('|f(ee|oo)?t)|169\s*m
2370	factoid	When was the first potato chip made? 	1853
2371	factoid	What type of bee drills holes in wood? 	carpenter
2375	factoid	What date did Thomas Jefferson die? 	4 July? 1826|July? 4.*?1826
2376	factoid	What color belt is first in karate? 	white
2377	factoid	What country is the leading producer of rubber? 	Thailand
2378	factoid	How did Bob Marley die? 	cancer|melanoma
2379	factoid	What is the scientific name for red imported fire ants? 	Solenopsis invicta
2380	factoid	What is the name of the official residence of the President of France? 	[EÉ]lys[ée]e palace
2381	factoid	What is Horatio's relationship to Hamlet? 	friend
2382	factoid	What passage has the Ten Commandments? 	Exodus|Deuteronomy
2383	factoid	How did Jerry Garcia Die? 	drug abuse|heart attack
2386	factoid	How did Harry Houdini die? 	ruptured appendix|peritonitis|appendicitis
2387	factoid	What country celebrates Guy Fawkes Day? 	England|\bGB\b|Great Britain|\bUK\b|United Kingdom
2388	factoid	what Arthur Miller play recounts his marriage to Marilyn Monroe? 	After the Fall|Finishing the Play
2390	factoid	What ancient tribe of Mexico left behind huge stone heads? 	Olmecs?
2391	factoid	What president created social security? 	Roosevelt|FDR
2392	factoid	When was the Red Cross founded? 	1859|186[234]|1919
2393	factoid	What color hair did Thomas Jefferson have before gray? 	\bred
